pair,unit,identity,label_rule,noop,noop_variant,evidence,weighting,lo_pp,hi_pp,all0_pp,all1_pp,width_pp,identified_sign,lo_exact,hi_exact,relevant_unknown_classes,classes,class_label_conflicts,noop_correct_contradictions
challenger-mra,context,occ,known_wins,N-a,base,E0,bug,0.557787,8.529661,5.078008,4.009439,7.971874,+,93419/16748160,9999929/117237120,359,55466,0,0
challenger-mra,context,occ,known_wins,N-a,base,E0,unit,0.812322,8.240917,5.203187,3.850052,7.428595,+,8057/991848,25747273/312432120,359,55466,0,0
challenger-mra,context,occ,known_wins,N-a,base,E1,bug,2.85288,8.157083,5.078008,5.931954,5.304203,+,557439/19539520,9563129/117237120,174,55466,0,0
challenger-mra,context,occ,known_wins,N-a,base,E1,unit,3.009217,8.031208,5.203187,5.837238,5.021991,+,26116/867867,25092073/312432120,174,55466,0,0
challenger-mra,context,occ,known_wins,N-a,strong,E0,bug,0.706462,8.529661,5.078008,4.158114,7.823199,+,177479/25122240,9999929/117237120,347,55466,0,0
challenger-mra,context,occ,known_wins,N-a,strong,E0,unit,0.959282,8.240917,5.203187,3.997013,7.281635,+,214079/22316580,25747273/312432120,347,55466,0,0
challenger-mra,context,occ,known_wins,N-a,strong,E1,bug,2.873372,8.157083,5.078008,5.952446,5.283711,+,561443/19539520,9563129/117237120,172,55466,0,0
challenger-mra,context,occ,known_wins,N-a,strong,E1,unit,3.032285,8.031208,5.203187,5.860306,4.998923,+,131581/4339335,25092073/312432120,172,55466,0,0
challenger-mra,context,occ,known_wins,N-b,base,E0,bug,-0.087204,8.934881,5.017114,3.830564,9.022085,open,-153353/175855680,31424993/351711360,359,55466,0,0
challenger-mra,context,occ,known_wins,N-b,base,E0,unit,0.261374,8.591251,5.217932,3.634694,8.329878,+,102077/39054015,3834547/44633160,359,55466,0,0
challenger-mra,context,occ,known_wins,N-b,base,E1,bug,2.610479,8.476344,5.017114,6.069709,5.865865,+,102015/3907904,851779/10048896,174,55466,0,0
challenger-mra,context,occ,known_wins,N-b,base,E1,unit,2.837582,8.283727,5.217932,5.903377,5.446146,+,521501/18378360,5176205/62486424,174,55466,0,0
challenger-mra,context,occ,known_wins,N-b,strong,E0,bug,-0.036138,8.908763,4.944035,3.92859,8.9449,open,-6355/17585568,3133313/35171136,347,55466,0,0
challenger-mra,context,occ,known_wins,N-b,strong,E0,unit,0.309661,8.57488,5.148696,3.735845,8.265219,+,24187/7810803,1488371/17357340,347,55466,0,0
challenger-mra,context,occ,known_wins,N-b,strong,E1,bug,2.555114,8.450225,4.944035,6.061304,5.895111,+,45387/1776320,14860201/175855680,172,55466,0,0
challenger-mra,context,occ,known_wins,N-b,strong,E1,unit,2.792551,8.267355,5.148696,5.911211,5.474805,+,396583/14201460,68333/826540,172,55466,0,0
challenger-mra,context,occ,known_wins,N-c,base,E0,bug,-1.40179,12.50739,5.078008,6.027592,13.909181,open,-308141/21981960,3999083/31973760,551,55466,0,0
challenger-mra,context,occ,known_wins,N-c,base,E0,unit,-1.101738,11.851595,5.203187,5.54667,12.953332,open,-573697/52072020,3366199/28402920,551,55466,0,0
challenger-mra,context,occ,known_wins,N-c,base,E1,bug,0.893303,12.134812,5.078008,7.950107,11.24151,+,3141847/351711360,42679513/351711360,366,55466,0,0
challenger-mra,context,occ,known_wins,N-c,base,E1,unit,1.095157,11.641885,5.203187,7.533855,10.546728,+,1140541/104144040,36372989/312432120,366,55466,0,0
challenger-mra,context,ast,known_wins,N-a,base,E0,bug,1.381442,8.370622,5.001713,4.750351,6.989181,+,4858687/351711360,29440429/351711360,235,39475,55,0
challenger-mra,context,ast,known_wins,N-a,base,E0,unit,1.487062,8.259097,4.960549,4.78561,6.772036,+,774343/52072020,25804073/312432120,235,39475,55,0
challenger-mra,context,ast,known_wins,N-a,base,E1,bug,3.40495,8.370622,5.001713,6.77386,4.965672,+,11975597/351711360,29440429/351711360,113,39475,55,0
challenger-mra,context,ast,known_wins,N-a,base,E1,unit,3.397742,8.259097,4.960549,6.69629,4.861356,+,2653909/78108030,25804073/312432120,113,39475,55,0
challenger-mra,context,ast,known_wins,N-a,strong,E0,bug,1.549307,8.370622,5.001713,4.918217,6.821315,+,544909/35171136,29440429/351711360,223,39475,55,0
challenger-mra,context,ast,known_wins,N-a,strong,E0,unit,1.647936,8.259097,4.960549,4.946484,6.611161,+,1716227/104144040,25804073/312432120,223,39475,55,0
challenger-mra,context,ast,known_wins,N-a,strong,E1,bug,3.427719,8.370622,5.001713,6.796628,4.942903,+,4018559/117237120,29440429/351711360,111,39475,55,0
challenger-mra,context,ast,known_wins,N-a,strong,E1,unit,3.423373,8.259097,4.960549,6.721921,4.835725,+,2673929/78108030,25804073/312432120,111,39475,55,0
challenger-mra,context,ast,known_wins,N-b,base,E0,bug,1.31593,8.717153,5.201101,4.831982,7.401223,+,925655/70342272,15329609/175855680,235,39475,55,0
challenger-mra,context,ast,known_wins,N-b,base,E0,unit,1.386018,8.505019,5.114702,4.776335,7.119001,+,2165183/156216060,6643103/78108030,235,39475,55,0
challenger-mra,context,ast,known_wins,N-b,base,E1,bug,3.569251,8.717153,5.201101,7.085303,5.147903,+,627673/17585568,15329609/175855680,113,39475,55,0
challenger-mra,context,ast,known_wins,N-b,base,E1,unit,3.507544,8.505019,5.114702,6.897861,4.997476,+,644629/18378360,6643103/78108030,113,39475,55,0
challenger-mra,context,ast,known_wins,N-b,strong,E0,bug,1.395461,8.692217,5.134084,4.953594,7.296756,+,8989/644160,52259/601216,223,39475,55,0
challenger-mra,context,ast,known_wins,N-b,strong,E0,unit,1.457169,8.485102,5.047413,4.894858,7.027933,+,23347/1602216,407849/4806648,223,39475,55,0
challenger-mra,context,ast,known_wins,N-b,strong,E1,bug,3.526656,8.692217,5.134084,7.08479,5.165561,+,954127/27054720,52259/601216,111,39475,55,0
challenger-mra,context,ast,known_wins,N-b,strong,E1,unit,3.473156,8.485102,5.047413,6.910845,5.011946,+,104339/3004155,407849/4806648,111,39475,55,0
challenger-mra,context,ast,known_wins,N-c,base,E0,bug,1.300206,8.370622,5.001713,4.669116,7.070416,+,4572973/351711360,29440429/351711360,239,39475,55,0
challenger-mra,context,ast,known_wins,N-c,base,E0,unit,1.407147,8.259097,4.960549,4.705695,6.85195,+,73273/5207202,25804073/312432120,239,39475,55,0
challenger-mra,context,ast,known_wins,N-c,base,E1,bug,3.323715,8.370622,5.001713,6.692624,5.046907,+,11689883/351711360,29440429/351711360,117,39475,55,0
challenger-mra,context,ast,known_wins,N-c,base,E1,unit,3.317827,8.259097,4.960549,6.616375,4.94127,+,5182979/156216060,25804073/312432120,117,39475,55,0
challenger-mra,context,ast,strict,N-a,base,E0,bug,-2.296549,12.169859,3.953907,5.919404,14.466408,open,-104899/4567680,21401389/175855680,430,39475,55,0
challenger-mra,context,ast,strict,N-a,base,E0,unit,-1.934079,11.82215,4.037324,5.850747,13.756229,open,-109867/5680584,18468097/156216060,430,39475,55,0
challenger-mra,context,ast,strict,N-a,base,E1,bug,0.565586,11.738678,3.953907,8.350357,11.173091,+,663077/117237120,41286263/351711360,255,39475,55,0
challenger-mra,context,ast,strict,N-a,base,E1,unit,0.786367,11.528994,4.037324,8.278037,10.742627,+,409477/52072020,36020279/312432120,255,39475,55,0
challenger-mra,context,ast,strict,N-a,strong,E0,bug,-2.128683,12.169859,3.953907,6.08727,14.298542,open,-34031/1598688,21401389/175855680,418,39475,55,0
challenger-mra,context,ast,strict,N-a,strong,E0,unit,-1.773205,11.82215,4.037324,6.011621,13.595355,open,-14813/835380,18468097/156216060,418,39475,55,0
challenger-mra,context,ast,strict,N-a,strong,E1,bug,0.588355,11.738678,3.953907,8.373126,11.150323,+,2069311/351711360,41286263/351711360,253,39475,55,0
challenger-mra,context,ast,strict,N-a,strong,E1,unit,0.811998,11.528994,4.037324,8.303668,10.716996,+,1268471/156216060,36020279/312432120,253,39475,55,0
challenger-mra,context,ast,strict,N-b,base,E0,bug,-2.592848,13.270603,3.988466,6.689288,15.863451,open,-4559671/175855680,46674217/351711360,430,39475,55,0
challenger-mra,context,ast,strict,N-b,base,E0,unit,-2.152186,12.948365,4.113759,6.68242,15.100551,open,-2241373/104144040,10113713/78108030,430,39475,55,0
challenger-mra,context,ast,strict,N-b,base,E1,bug,0.483974,12.358839,3.988466,8.854347,11.874866,+,567397/117237120,21733721/175855680,255,39475,55,0
challenger-mra,context,ast,strict,N-b,base,E1,unit,0.748623,12.106519,4.113759,8.741382,11.357896,+,2338939/312432120,37824653/312432120,255,39475,55,0
challenger-mra,context,ast,strict,N-b,strong,E0,bug,-2.528646,13.215051,3.941941,6.744465,15.743696,open,-342059/13527360,79451/601216,418,39475,55,0
challenger-mra,context,ast,strict,N-b,strong,E0,unit,-2.092797,12.893983,4.069539,6.731648,14.986781,open,-502967/24033240,1549421/12016620,418,39475,55,0
challenger-mra,context,ast,strict,N-b,strong,E1,bug,0.441014,12.306703,3.941941,8.805776,11.865689,+,3409/772992,138731/1127280,253,39475,55,0
challenger-mra,context,ast,strict,N-b,strong,E1,unit,0.71657,12.055982,4.069539,8.703013,11.339412,+,3827/534072,2897443/24033240,253,39475,55,0
challenger-mra,context,ast,strict,N-c,base,E0,bug,-4.613176,18.561125,3.953907,9.994042,23.174301,open,-2028133/43963920,13056317/70342272,629,39475,55,0
challenger-mra,context,ast,strict,N-c,base,E0,unit,-4.167078,17.908121,4.037324,9.703719,22.075199,open,-13019291/312432120,27975361/156216060,629,39475,55,0
challenger-mra,context,ast,strict,N-c,base,E1,bug,-1.751041,18.129943,3.953907,12.424996,19.880984,open,-68429/3907904,6376507/35171136,454,39475,55,0
challenger-mra,context,ast,strict,N-c,base,E1,unit,-1.446632,17.614964,4.037324,12.131008,19.061597,open,-564968/39054015,55034807/312432120,454,39475,55,0
challenger-mra,context,ast_noann,known_wins,N-a,base,E0,bug,1.421083,8.3816,5.012691,4.789993,6.960516,+,22313/1570140,29479039/351711360,234,39398,56,0
challenger-mra,context,ast_noann,known_wins,N-a,base,E0,unit,1.535807,8.273515,4.974967,4.834355,6.737708,+,228493/14877720,12924559/156216060,234,39398,56,0
challenger-mra,context,ast_noann,known_wins,N-a,base,E1,bug,3.431785,8.3816,5.012691,6.800694,4.949815,+,12069977/351711360,29479039/351711360,113,39398,56,0
challenger-mra,context,ast_noann,known_wins,N-a,base,E1,unit,3.432069,8.273515,4.974967,6.730617,4.841446,+,315379/9189180,12924559/156216060,113,39398,56,0
challenger-mra,context,ast_noann,known_wins,N-a,strong,E0,bug,1.574312,8.3816,5.012691,4.943222,6.807288,+,158201/10048896,29479039/351711360,223,39398,56,0
challenger-mra,context,ast_noann,known_wins,N-a,strong,E0,unit,1.680204,8.273515,4.974967,4.978752,6.593311,+,31247/1859715,12924559/156216060,223,39398,56,0
challenger-mra,context,ast_noann,known_wins,N-a,strong,E1,bug,3.454553,8.3816,5.012691,6.823463,4.927046,+,4050019/117237120,29479039/351711360,111,39398,56,0
challenger-mra,context,ast_noann,known_wins,N-a,strong,E1,unit,3.4577,8.273515,4.974967,6.756248,4.815815,+,5401483/156216060,12924559/156216060,111,39398,56,0
challenger-mra,context,ast_noann,known_wins,N-b,base,E0,bug,1.334226,8.712274,5.196222,4.850278,7.378048,+,134075/10048896,15321029/175855680,234,39398,56,0
challenger-mra,context,ast_noann,known_wins,N-b,base,E0,unit,1.412107,8.502273,5.111956,4.802424,7.090166,+,157567/11158290,3320479/39054015,234,39398,56,0
challenger-mra,context,ast_noann,known_wins,N-b,base,E1,bug,3.576569,8.712274,5.196222,7.092621,5.135705,+,19655/549549,15321029/175855680,113,39398,56,0
challenger-mra,context,ast_noann,known_wins,N-b,base,E1,unit,3.521275,8.502273,5.111956,6.911592,4.980998,+,11001593/312432120,3320479/39054015,113,39398,56,0
challenger-mra,context,ast_noann,known_wins,N-b,strong,E0,bug,1.395461,8.661479,5.154576,4.902365,7.266019,+,8989/644160,260371/3006080,223,39398,56,0
challenger-mra,context,ast_noann,known_wins,N-b,strong,E0,unit,1.457169,8.4505,5.070482,4.837188,6.993331,+,23347/1602216,2030929/24033240,223,39398,56,0
challenger-mra,context,ast_noann,known_wins,N-b,strong,E1,bug,3.526656,8.661479,5.154576,7.03356,5.134823,+,954127/27054720,260371/3006080,111,39398,56,0
challenger-mra,context,ast_noann,known_wins,N-b,strong,E1,unit,3.473156,8.4505,5.070482,6.853175,4.977344,+,104339/3004155,2030929/24033240,111,39398,56,0
challenger-mra,context,ast_noann,known_wins,N-c,base,E0,bug,1.339848,8.3816,5.012691,4.708757,7.041752,+,2356199/175855680,29479039/351711360,238,39398,56,0
challenger-mra,context,ast_noann,known_wins,N-c,base,E0,unit,1.455892,8.273515,4.974967,4.75444,6.817623,+,303245/20828808,12924559/156216060,238,39398,56,0
challenger-mra,context,ast_noann,known_wins,N-c,base,E1,bug,3.350549,8.3816,5.012691,6.719459,5.03105,+,11784263/351711360,29479039/351711360,117,39398,56,0
challenger-mra,context,ast_noann,known_wins,N-c,base,E1,unit,3.352155,8.273515,4.974967,6.650703,4.92136,+,1309151/39054015,12924559/156216060,117,39398,56,0
challenger-mra,context,ast_noann,strict,N-a,base,E0,bug,-2.293499,12.180837,3.964884,5.922453,14.474337,open,-366659/15986880,10710347/87927840,430,39398,56,0
challenger-mra,context,ast_noann,strict,N-a,base,E0,unit,-1.926527,11.836568,4.051741,5.858299,13.763095,open,-7817/405756,2175367/18378360,430,39398,56,0
challenger-mra,context,ast_noann,strict,N-a,base,E1,bug,0.558268,11.749655,3.964884,8.343039,11.191388,+,654497/117237120,41324873/351711360,256,39398,56,0
challenger-mra,context,ast_noann,strict,N-a,base,E1,unit,0.782247,11.543411,4.051741,8.273917,10.761164,+,101833/13018005,9016331/78108030,256,39398,56,0
challenger-mra,context,ast_noann,strict,N-a,strong,E0,bug,-2.140271,12.180837,3.964884,6.075682,14.321108,open,-136865/6394752,10710347/87927840,419,39398,56,0
challenger-mra,context,ast_noann,strict,N-a,strong,E0,unit,-1.78213,11.836568,4.051741,6.002696,13.618698,open,-72311/4057560,2175367/18378360,419,39398,56,0
challenger-mra,context,ast_noann,strict,N-a,strong,E1,bug,0.581036,11.749655,3.964884,8.365807,11.168619,+,2043571/351711360,41324873/351711360,254,39398,56,0
challenger-mra,context,ast_noann,strict,N-a,strong,E1,unit,0.807879,11.543411,4.051741,8.299548,10.735533,+,315509/39054015,9016331/78108030,254,39398,56,0
challenger-mra,context,ast_noann,strict,N-b,base,E0,bug,-2.593458,13.259869,4.000664,6.665747,15.853327,open,-9121487/351711360,9327293/70342272,430,39398,56,0
challenger-mra,context,ast_noann,strict,N-b,base,E0,unit,-2.14738,12.939028,4.130237,6.661412,15.086408,open,-93182/4339335,1010642/7810803,430,39398,56,0
challenger-mra,context,ast_noann,strict,N-b,base,E1,bug,0.472386,12.351521,4.000664,8.823243,11.879135,+,6593/1395680,21720851/175855680,256,39398,56,0
challenger-mra,context,ast_noann,strict,N-b,base,E1,unit,0.741071,12.101026,4.130237,8.711861,11.359955,+,289418/39054015,37807493/312432120,256,39398,56,0
challenger-mra,context,ast_noann,strict,N-b,strong,E0,bug,-2.528646,13.235543,3.962432,6.744465,15.764188,open,-342059/13527360,397871/3006080,419,39398,56,0
challenger-mra,context,ast_noann,strict,N-b,strong,E0,unit,-2.092797,12.917052,4.092607,6.731648,15.009849,open,-502967/24033240,1552193/12016620,419,39398,56,0
challenger-mra,context,ast_noann,strict,N-b,strong,E1,bug,0.441014,12.327195,3.962432,8.805776,11.886181,+,3409/772992,69481/563640,254,39398,56,0
challenger-mra,context,ast_noann,strict,N-b,strong,E1,unit,0.71657,12.07905,4.092607,8.703013,11.36248,+,3827/534072,2902987/24033240,254,39398,56,0
challenger-mra,context,ast_noann,strict,N-c,base,E0,bug,-4.629033,18.570273,3.964884,9.976356,23.199306,open,-8140417/175855680,408211/2198196,630,39398,56,0
challenger-mra,context,ast_noann,strict,N-c,base,E0,unit,-4.17875,17.920479,4.051741,9.689988,22.099228,open,-466277/11158290,1999619/11158290,630,39398,56,0
challenger-mra,context,ast_noann,strict,N-c,base,E1,bug,-1.777266,18.139091,3.964884,12.396941,19.916357,open,-416723/23447424,12759449/70342272,456,39398,56,0
challenger-mra,context,ast_noann,strict,N-c,base,E1,unit,-1.469975,17.627322,4.051741,12.105606,19.097297,open,-2296337/156216060,7867631/44633160,456,39398,56,0
challenger-mra,bug,exact,known_wins,N-a,base,E0,bug,1.793837,11.644089,7.694959,5.742967,9.850252,+,112663/6280560,365657/3140280,357,55465,0,0
challenger-mra,bug,exact,known_wins,N-a,base,E1,bug,4.99348,11.271511,7.694959,8.570032,6.278031,+,5361/107360,353957/3140280,172,55465,0,0
challenger-mra,bug,exact,known_wins,N-a,strong,E0,bug,2.005753,11.644089,7.694959,5.954883,9.638336,+,50389/2512224,365657/3140280,345,55465,0,0
challenger-mra,bug,exact,known_wins,N-a,strong,E1,bug,5.027633,11.271511,7.694959,8.604185,6.243878,+,16193/322080,353957/3140280,170,55465,0,0
challenger-mra,bug,exact,known_wins,N-b,base,E0,bug,0.935485,12.134727,7.700255,5.369957,11.199242,+,1645103/175855680,3556601/29309280,357,55465,0,0
challenger-mra,bug,exact,known_wins,N-b,base,E1,bug,4.663208,11.764011,7.700255,8.726965,7.100803,+,630809/13527360,3447947/29309280,172,55465,0,0
challenger-mra,bug,exact,known_wins,N-b,strong,E0,bug,0.953642,12.166405,7.561568,5.55848,11.212763,+,838517/87927840,4279063/35171136,345,55465,0,0
challenger-mra,bug,exact,known_wins,N-b,strong,E1,bug,4.528464,11.79569,7.561568,8.762586,7.267226,+,7963561/175855680,20743391/175855680,170,55465,0,0
challenger-mra,bug,exact,known_wins,N-c,base,E0,bug,-1.032828,16.408529,7.694959,7.680743,17.441356,open,-908143/87927840,412219/2512224,545,55465,0,0
challenger-mra,bug,exact,known_wins,N-c,base,E1,bug,2.166815,16.035951,7.694959,10.507807,13.869135,+,317539/14654640,402859/2512224,360,55465,0,0
challenger-mra,bug,exact,strict,N-a,base,E0,bug,1.793837,11.644089,7.694959,5.742967,9.850252,+,112663/6280560,365657/3140280,357,55465,0,0
challenger-mra,bug,exact,strict,N-a,base,E1,bug,4.99348,11.271511,7.694959,8.570032,6.278031,+,5361/107360,353957/3140280,172,55465,0,0
challenger-mra,bug,exact,strict,N-a,strong,E0,bug,2.005753,11.644089,7.694959,5.954883,9.638336,+,50389/2512224,365657/3140280,345,55465,0,0
challenger-mra,bug,exact,strict,N-a,strong,E1,bug,5.027633,11.271511,7.694959,8.604185,6.243878,+,16193/322080,353957/3140280,170,55465,0,0
challenger-mra,bug,exact,strict,N-b,base,E0,bug,0.935485,12.134727,7.700255,5.369957,11.199242,+,1645103/175855680,3556601/29309280,357,55465,0,0
challenger-mra,bug,exact,strict,N-b,base,E1,bug,4.663208,11.764011,7.700255,8.726965,7.100803,+,630809/13527360,3447947/29309280,172,55465,0,0
challenger-mra,bug,exact,strict,N-b,strong,E0,bug,0.953642,12.166405,7.561568,5.55848,11.212763,+,838517/87927840,4279063/35171136,345,55465,0,0
challenger-mra,bug,exact,strict,N-b,strong,E1,bug,4.528464,11.79569,7.561568,8.762586,7.267226,+,7963561/175855680,20743391/175855680,170,55465,0,0
challenger-mra,bug,exact,strict,N-c,base,E0,bug,-1.032828,16.408529,7.694959,7.680743,17.441356,open,-908143/87927840,412219/2512224,545,55465,0,0
challenger-mra,bug,exact,strict,N-c,base,E1,bug,2.166815,16.035951,7.694959,10.507807,13.869135,+,317539/14654640,402859/2512224,360,55465,0,0
challenger-mra,bug,ast,known_wins,N-a,base,E0,bug,2.83896,11.513048,7.58855,6.763458,8.674088,+,624059/21981960,6748783/58618560,233,39387,55,0
challenger-mra,bug,ast,known_wins,N-a,base,E1,bug,5.5705,11.513048,7.58855,9.494998,5.942548,+,244901/4396392,6748783/58618560,111,39387,55,0
challenger-mra,bug,ast,known_wins,N-a,strong,E0,bug,3.071781,11.513048,7.58855,6.99628,8.441267,+,81847/2664480,6748783/58618560,221,39387,55,0
challenger-mra,bug,ast,known_wins,N-a,strong,E1,bug,5.607757,11.513048,7.58855,9.532256,5.905291,+,246539/4396392,6748783/58618560,109,39387,55,0
challenger-mra,bug,ast,known_wins,N-b,base,E0,bug,2.916168,12.27496,8.072758,7.11837,9.358792,+,5128247/175855680,205583/1674816,233,39387,55,0
challenger-mra,bug,ast,known_wins,N-b,base,E1,bug,5.948814,12.27496,8.072758,10.151016,6.326147,+,3487109/58618560,205583/1674816,111,39387,55,0
challenger-mra,bug,ast,known_wins,N-b,strong,E0,bug,2.987935,12.331204,7.960758,7.358382,9.343269,+,2627227/87927840,21685123/175855680,221,39387,55,0
challenger-mra,bug,ast,known_wins,N-b,strong,E1,bug,5.844378,12.331204,7.960758,10.214824,6.486826,+,10277671/175855680,21685123/175855680,109,39387,55,0
challenger-mra,bug,ast,known_wins,N-c,base,E0,bug,2.737151,11.513048,7.58855,6.661649,8.775897,+,1203359/43963920,6748783/58618560,237,39387,55,0
challenger-mra,bug,ast,known_wins,N-c,base,E1,bug,5.468691,11.513048,7.58855,9.393189,6.044357,+,267139/4884880,6748783/58618560,115,39387,55,0
challenger-mra,bug,ast,strict,N-a,base,E0,bug,-2.322221,15.105355,6.248771,6.534363,17.427576,open,-291697/12561120,482975/3197376,428,39387,55,0
challenger-mra,bug,ast,strict,N-a,base,E1,bug,1.561351,14.763825,6.248771,10.076405,13.202474,+,549145/35171136,472055/3197376,253,39387,55,0
challenger-mra,bug,ast,strict,N-a,strong,E0,bug,-2.0894,15.105355,6.248771,6.767184,17.194755,open,-21871/1046760,482975/3197376,416,39387,55,0
challenger-mra,bug,ast,strict,N-a,strong,E1,bug,1.598609,14.763825,6.248771,10.113663,13.165216,+,562249/35171136,472055/3197376,251,39387,55,0
challenger-mra,bug,ast,strict,N-b,base,E0,bug,-2.7837,15.991539,6.598413,6.609427,18.775239,open,-2447647/87927840,312467/1953952,428,39387,55,0
challenger-mra,bug,ast,strict,N-b,base,E1,bug,1.54215,15.66367,6.598413,10.607407,14.121521,+,451993/29309280,1530303/9769760,253,39387,55,0
challenger-mra,bug,ast,strict,N-b,strong,E0,bug,-2.75211,16.037618,6.496902,6.788606,18.789729,open,-2419871/87927840,1343003/8374080,416,39387,55,0
challenger-mra,bug,ast,strict,N-b,strong,E1,bug,1.417792,15.70975,6.496902,10.630639,14.291958,+,118727/8374080,1315547/8374080,251,39387,55,0
challenger-mra,bug,ast,strict,N-c,base,E0,bug,-5.966179,22.004297,6.248771,9.789347,27.970476,open,-437161/7327320,2149767/9769760,627,39387,55,0
challenger-mra,bug,ast,strict,N-c,base,E1,bug,-2.082606,21.662767,6.248771,13.33139,23.745373,open,-3662381/175855680,6349201/29309280,452,39387,55,0
challenger-mra,bug,ast_noann,known_wins,N-a,base,E0,bug,2.988996,11.498655,7.756306,6.731345,8.509659,+,16426/549549,1123391/9769760,231,39023,56,0
challenger-mra,bug,ast_noann,known_wins,N-a,base,E1,bug,5.731751,11.498655,7.756306,9.474099,5.766904,+,10079609/175855680,1123391/9769760,110,39023,56,0
challenger-mra,bug,ast_noann,known_wins,N-a,strong,E0,bug,3.199049,11.498655,7.756306,6.941398,8.299606,+,562571/17585568,1123391/9769760,220,39023,56,0
challenger-mra,bug,ast_noann,known_wins,N-a,strong,E1,bug,5.769008,11.498655,7.756306,9.511357,5.729647,+,10145129/175855680,1123391/9769760,108,39023,56,0
challenger-mra,bug,ast_noann,known_wins,N-b,base,E0,bug,3.091161,12.286345,8.263446,7.11406,9.195183,+,776569/25122240,617321/5024448,231,39023,56,0
challenger-mra,bug,ast_noann,known_wins,N-b,base,E1,bug,6.130963,12.286345,8.263446,10.153862,6.155382,+,10781647/175855680,617321/5024448,110,39023,56,0
challenger-mra,bug,ast_noann,known_wins,N-b,strong,E0,bug,3.124141,12.180362,8.164863,7.13964,9.056221,+,5493979/175855680,10709929/87927840,220,39023,56,0
challenger-mra,bug,ast_noann,known_wins,N-b,strong,E1,bug,6.01555,12.180362,8.164863,10.031049,6.164812,+,5289343/87927840,10709929/87927840,108,39023,56,0
challenger-mra,bug,ast_noann,known_wins,N-c,base,E0,bug,2.887188,11.498655,7.756306,6.629537,8.611467,+,423107/14654640,1123391/9769760,235,39023,56,0
challenger-mra,bug,ast_noann,known_wins,N-c,base,E1,bug,5.629942,11.498655,7.756306,9.372291,5.868713,+,3300191/58618560,1123391/9769760,114,39023,56,0
challenger-mra,bug,ast_noann,strict,N-a,base,E0,bug,-2.147627,15.631718,6.43645,7.047641,17.779345,open,-14987/697840,52063/333060,428,39023,56,0
challenger-mra,bug,ast_noann,strict,N-a,base,E1,bug,1.73602,15.110885,6.43645,10.410454,13.374865,+,436127/25122240,805253/5328960,254,39023,56,0
challenger-mra,bug,ast_noann,strict,N-a,strong,E0,bug,-1.937574,15.631718,6.43645,7.257694,17.569292,open,-81127/4187040,52063/333060,417,39023,56,0
challenger-mra,bug,ast_noann,strict,N-a,strong,E1,bug,1.773277,15.110885,6.43645,10.447712,13.337607,+,445487/25122240,805253/5328960,252,39023,56,0
challenger-mra,bug,ast_noann,strict,N-b,base,E0,bug,-2.572602,16.537174,6.826913,7.13766,19.109776,open,-251337/9769760,727039/4396392,428,39023,56,0
challenger-mra,bug,ast_noann,strict,N-b,base,E1,bug,1.751296,16.030002,6.826913,10.954385,14.278706,+,1539877/87927840,28189669/175855680,254,39023,56,0
challenger-mra,bug,ast_noann,strict,N-b,strong,E0,bug,-2.551908,16.596671,6.73882,7.305943,19.148579,open,-373973/14654640,7296547/43963920,417,39023,56,0
challenger-mra,bug,ast_noann,strict,N-b,strong,E1,bug,1.641006,16.089499,6.73882,10.991685,14.448493,+,480967/29309280,28294297/175855680,252,39023,56,0
challenger-mra,bug,ast_noann,strict,N-c,base,E0,bug,-5.828901,22.7007,6.43645,10.435349,28.529602,open,-1708409/29309280,39920471/175855680,628,39023,56,0
challenger-mra,bug,ast_noann,strict,N-c,base,E1,bug,-1.945255,22.179867,6.43645,13.798162,24.125122,open,-3420841/175855680,9751139/43963920,454,39023,56,0
challenger-mra,bug,alpha,known_wins,N-a,base,E0,bug,2.994595,11.494996,7.752647,6.736944,8.500401,+,1053233/35171136,2246067/19539520,230,38820,56,0
challenger-mra,bug,alpha,known_wins,N-a,base,E1,bug,5.741008,11.494996,7.752647,9.483357,5.753988,+,10095889/175855680,2246067/19539520,109,38820,56,0
challenger-mra,bug,alpha,known_wins,N-a,strong,E0,bug,3.204648,11.494996,7.752647,6.946997,8.290348,+,1127111/35171136,2246067/19539520,219,38820,56,0
challenger-mra,bug,alpha,known_wins,N-a,strong,E1,bug,5.778266,11.494996,7.752647,9.520615,5.71673,+,10161409/175855680,2246067/19539520,107,38820,56,0
challenger-mra,bug,alpha,known_wins,N-b,base,E0,bug,3.091672,12.280823,8.257924,7.11457,9.189151,+,67961/2198196,5399131/43963920,230,38820,56,0
challenger-mra,bug,alpha,known_wins,N-b,base,E1,bug,6.135133,12.280823,8.257924,10.158031,6.14569,+,10788979/175855680,5399131/43963920,109,38820,56,0
challenger-mra,bug,alpha,known_wins,N-b,strong,E0,bug,3.122211,12.17362,8.158121,7.13771,9.051409,+,2745293/87927840,139013/1141920,219,38820,56,0
challenger-mra,bug,alpha,known_wins,N-b,strong,E1,bug,6.018499,12.17362,8.158121,10.033998,6.15512,+,10583873/175855680,139013/1141920,107,38820,56,0
challenger-mra,bug,alpha,known_wins,N-c,base,E0,bug,2.892786,11.494996,7.752647,6.635135,8.602209,+,5087129/175855680,2246067/19539520,234,38820,56,0
challenger-mra,bug,alpha,known_wins,N-c,base,E1,bug,5.6392,11.494996,7.752647,9.381549,5.855796,+,9916853/175855680,2246067/19539520,113,38820,56,0
challenger-mra,bug,alpha,strict,N-a,base,E0,bug,-2.161451,15.653674,6.458406,7.033817,17.815124,open,-1900517/87927840,417089/2664480,429,38820,56,0
challenger-mra,bug,alpha,strict,N-a,base,E1,bug,1.729514,15.13284,6.458406,10.403949,13.403326,+,3041449/175855680,806423/5328960,255,38820,56,0
challenger-mra,bug,alpha,strict,N-a,strong,E0,bug,-1.951398,15.653674,6.458406,7.24387,17.605071,open,-857911/43963920,417089/2664480,418,38820,56,0
challenger-mra,bug,alpha,strict,N-a,strong,E1,bug,1.766772,15.13284,6.458406,10.441207,13.366068,+,3106969/175855680,806423/5328960,253,38820,56,0
challenger-mra,bug,alpha,strict,N-b,base,E0,bug,-2.592827,16.557267,6.847005,7.117434,19.150094,open,-253313/9769760,14558447/87927840,429,38820,56,0
challenger-mra,bug,alpha,strict,N-b,base,E1,bug,1.738389,16.050095,6.847005,10.941478,14.311705,+,95533/5495490,28225003/175855680,255,38820,56,0
challenger-mra,bug,alpha,strict,N-b,strong,E0,bug,-2.575793,16.615543,6.757692,7.282058,19.191337,open,-19609/761280,2656307/15986880,418,38820,56,0
challenger-mra,bug,alpha,strict,N-b,strong,E1,bug,1.626879,16.108371,6.757692,10.977558,14.481492,+,953653/58618560,1287613/7993440,253,38820,56,0
challenger-mra,bug,alpha,strict,N-c,base,E0,bug,-5.845571,22.722656,6.458406,10.418679,28.568227,open,-10279769/175855680,39959081/175855680,629,38820,56,0
challenger-mra,bug,alpha,strict,N-c,base,E1,bug,-1.954606,22.201823,6.458406,13.788811,24.156429,open,-572881/29309280,19521583/87927840,455,38820,56,0
